attribute,assortativity
income_tier,0.7777777777777777
majority_race,0.6000000000000002
education_tier,0.7777777777777777
