neighborhood,degree_centrality,eigenvector_centrality,closeness_centrality
Englewood,0.125,5.39555913401622e-07,0.125
West_Englewood,0.125,5.39555913401622e-07,0.125
Irving_Park,0.25,7.766767004777125e-06,0.28125
Portage_Park,0.25,8.018479993939391e-06,0.28125
South_Lawndale,0.125,4.0136038050778645e-06,0.1875
JeffersonPark,0.125,4.4813354271742606e-06,0.1875
Lakeview,0.25,0.5873239135076567,0.25
LincolnPark,0.25,0.5714964482979862,0.25
NearNorthSide,0.25,0.5730989705482338,0.25
